Country,ConcessionName,ConcessionContractor,ConcessionDescription,ConcessionSource,ConcessionSourceDate,Retrieved at#country,#license,#license+participant+company,#license+description,#source,#sourceDate,#retrievedAtIndonesia,P31 Sakakemang Timur,Pertamina EP,,http://product.patranusa.com/daval/,Jan-14,11/20/2014Indonesia,Sakakemang,Sakakemang Petroleum LTD,,http://product.patranusa.com/daval/,Jan-14,11/20/2014Indonesia,Sebuku Block,Pearl Oil Sebkuku LTD,,http://product.patranusa.com/daval/,Jan-14,11/20/2014Indonesia,Muara Bakau,ENI Muara Bakau B.V,,http://product.patranusa.com/daval/,Jan-14,11/20/2014Indonesia,P44 Tarakan-1,Pertamina EP,,http://product.patranusa.com/daval/,Jan-14,11/20/2014Indonesia,Kakai,Star Energy Kakai LTD,,http://product.patranusa.com/daval/,Jan-14,11/20/2014Indonesia,Tuna,Premier Oil Tuna B.V,,http://product.patranusa.com/daval/,Jan-14,11/20/2014Indonesia,North Sumbawa II,Husky Oil North Sumbawa LTD,,http://product.patranusa.com/daval/,Jan-14,11/20/2014Indonesia,Telen,Total E&P Indonesia Telen B.V.,,http://product.patranusa.com/daval/,Jan-14,11/20/2014Indonesia,Air Sugihan,PT Bintang Berlian Air Sugihan,,http://product.patranusa.com/daval/,Jan-14,11/20/2014Indonesia,Kangean,Kangean Energy Indonesia LTD,,http://product.patranusa.com/daval/,Jan-14,11/20/2014Indonesia,South Matindok,Black Gold South Madindok LLC,,http://product.patranusa.com/daval/,Jan-14,11/20/2014Indonesia,P5 Binangat Pelarang Fields,Pertamina EP,,http://product.patranusa.com/daval/,Jan-14,11/20/2014Indonesia,Lirik II,PT Karya Inti Petroleum,,http://product.patranusa.com/daval/,Jan-14,11/20/2014Indonesia,Sibaru,Mitra Energy Indonesia Sibaru LTD,,http://product.patranusa.com/daval/,Jan-14,11/20/2014Indonesia,East Kai Imantan,Chevron Indonesia Company,,http://product.patranusa.com/daval/,Jan-14,11/20/2014Indonesia,P17a Kluang Siarak Area-2,Pertamina EP,,http://product.patranusa.com/daval/,Jan-14,11/20/2014Indonesia,South West Bukit Barisan,PT Radiant Bukit Barisan E&P,,http://product.patranusa.com/daval/,Jan-14,11/20/2014Indonesia,North Makassar Strai,Niko Resources North Makassar Strait LTD,,http://product.patranusa.com/daval/,Jan-14,11/20/2014Indonesia,Offshore North X-Ray,Conrad Petroleum V LTD,,http://product.patranusa.com/daval/,Jan-14,11/20/2014Indonesia,P41a Sumbagsel Area-2,Pertamina EP,,http://product.patranusa.com/daval/,Jan-14,11/20/2014Indonesia,East Simenggaris,Sonlaw United Corporation,,http://product.patranusa.com/daval/,Jan-14,11/20/2014Indonesia,West Glagah Kambuna,Petronas Carigali WGK LTD,,http://product.patranusa.com/daval/,Jan-14,11/20/2014Indonesia,Budong-Budong,Harvest Budong-Budong B.V,,http://product.patranusa.com/daval/,Jan-14,11/20/2014Indonesia,North East Madura,Techwin Energy NorthEast Madura LTD,,http://product.patranusa.com/daval/,Jan-14,11/20/2014Indonesia,Pandan,PT Tropek Energi Pandan,,http://product.patranusa.com/daval/,Jan-14,11/20/2014Indonesia,Simenggaris Block,JOB Pertamina-Medco E&P Simenggaris,,http://product.patranusa.com/daval/,Jan-14,11/20/2014Indonesia,Titan,AWE Titan NZ LTD,,http://product.patranusa.com/daval/,Jan-14,11/20/2014Indonesia,P1b AD Sabaku 3,Pertamina EP,,http://product.patranusa.com/daval/,Jan-14,11/20/2014Indonesia,Lampung III,PT Harpindo Mitra Kharisma,,http://product.patranusa.com/daval/,Jan-14,11/20/2014Indonesia,Cendrawasih VII,Lundin Sareba B.V,,http://product.patranusa.com/daval/,Jan-14,11/20/2014Indonesia,South Matindok,Caelus Energy Mangkauhat PTE LTD,,http://product.patranusa.com/daval/,Jan-14,11/20/2014Indonesia,P13 Karang Mumus-Bivak Field,Pertamina EP,,http://product.patranusa.com/daval/,Jan-14,11/20/2014Indonesia,Wain,PT Pandawa Prima Lestari,,http://product.patranusa.com/daval/,Jan-14,11/20/2014Indonesia,Cendrawasih Bay II,Niko Resources Cendrawasih Bay II LTD,,http://product.patranusa.com/daval/,Jan-14,11/20/2014Indonesia,Corridor,ConocoPhillips Grissik LTD,,http://product.patranusa.com/daval/,Jan-14,11/20/2014Indonesia,P26 Perlak,Pertamina EP,,http://product.patranusa.com/daval/,Jan-14,11/20/2014Indonesia,Puri,Puri Petroleum Resources LTD,,http://product.patranusa.com/daval/,Jan-14,11/20/2014Indonesia,East Jabung,Pan Orient Energy East Jabung PTE LTD,,http://product.patranusa.com/daval/,Jan-14,11/20/2014Indonesia,Arguni I,ENI Arguni LTD,,http://product.patranusa.com/daval/,Jan-14,11/20/2014Indonesia,P37 Semberah Field,Pertamina EP,,http://product.patranusa.com/daval/,Jan-14,11/20/2014Indonesia,Madura Offshore Block,Santos Madura Offshore PTY LTD,,http://product.patranusa.com/daval/,Jan-14,11/20/2014Indonesia,Palangkaraya,Petcon Borneo LTD,,http://product.patranusa.com/daval/,Jan-14,11/20/2014Indonesia,B Block,Exxonmobil Oil Indonesia INC.,,http://product.patranusa.com/daval/,Jan-14,11/20/2014Indonesia,P47 Wailawi Field,Pertamina EP,,http://product.patranusa.com/daval/,Jan-14,11/20/2014Indonesia,Sageri,Talisman Sageri LTD,,http://product.patranusa.com/daval/,Jan-14,11/20/2014Indonesia,Merangin I,PT Medco E&P Merangin,,http://product.patranusa.com/daval/,Jan-14,11/20/2014Indonesia,Manokwari,Irian Petroleum LTD,,http://product.patranusa.com/daval/,Jan-14,11/20/2014Indonesia,Karapan,"Amstelco Karapan PTE, LTD",,http://product.patranusa.com/daval/,Jan-14,11/20/2014Indonesia,Pase Block,Triangle Pase INC,,http://product.patranusa.com/daval/,Jan-14,11/20/2014Indonesia,Kuningan,PT Ekuator Energi Kuningan,,http://product.patranusa.com/daval/,Jan-14,11/20/2014Indonesia,Brantias,Lapindo Brantas INC,,http://product.patranusa.com/daval/,Jan-14,11/20/2014Indonesia,West Aru I,BP West Aru I LTD,,http://product.patranusa.com/daval/,Jan-14,11/20/2014Indonesia,P11a Jawa Bagian Timur Area-3,Pertamina EP,,http://product.patranusa.com/daval/,Jan-14,11/20/2014Indonesia,Rimau,PT Medco E&P Rimau,,http://product.patranusa.com/daval/,Jan-14,11/20/2014Indonesia,South Barito Block,Murphy South Barito LTD,,http://product.patranusa.com/daval/,Jan-14,11/20/2014Indonesia,Ratanghari,Cnooc Ratanghari LTD,,http://product.patranusa.com/daval/,Jan-14,11/20/2014Indonesia,P22 Meruap,Pertamina EP,,http://product.patranusa.com/daval/,Jan-14,11/20/2014Indonesia,West Tungkal,PT Three Golden Energy West Tungkal,,http://product.patranusa.com/daval/,Jan-14,11/20/2014Indonesia,West Sageri,Niko Resources West Sageri LTD,,http://product.patranusa.com/daval/,Jan-14,11/20/2014Indonesia,Bentu Segat,EMP Bentu LTD,,http://product.patranusa.com/daval/,Jan-14,11/20/2014Indonesia,P32 Samboja Field,Pertamina EP,,http://product.patranusa.com/daval/,Jan-14,11/20/2014Indonesia,Bangkanai,Salamander Energy Bangkanai PTE LTD,,http://product.patranusa.com/daval/,Jan-14,11/20/2014Indonesia,Kerapu,Pearloil Tachylyte LTD,,http://product.patranusa.com/daval/,Jan-14,11/20/2014Indonesia,West Timor Block,ENI West Timor LTD,,http://product.patranusa.com/daval/,Jan-14,11/20/2014Indonesia,P44a Tarakan-2,Pertamina EP,,http://product.patranusa.com/daval/,Jan-14,11/20/2014Indonesia,Sekavu,Star Energy Sekavu LTD,,http://product.patranusa.com/daval/,Jan-14,11/20/2014Indonesia,Siak Block,PT Chevron Pacific Indonesia,,http://product.patranusa.com/daval/,Jan-14,11/20/2014Indonesia,Attaka,Indonesia Petroleum Exploration LTD,,http://product.patranusa.com/daval/,Jan-14,11/20/2014Indonesia,South West Bird's Head,Total E&P Indonesia West Papua,,http://product.patranusa.com/daval/,Jan-14,11/20/2014Indonesia,Sanggau,PT Bintang Berlian Sanggau,,http://product.patranusa.com/daval/,Jan-14,11/20/2014Indonesia,Babai,KE Babai Tanjung LTD,,http://product.patranusa.com/daval/,Jan-14,11/20/2014Indonesia,Bone Bay,Black Gold Ventures LLC,,http://product.patranusa.com/daval/,Jan-14,11/20/2014Indonesia,P6 Bunyu,Pertamina EP,,http://product.patranusa.com/daval/,Jan-14,11/20/2014Indonesia,Kahayan,PT Mandira Mahesa Energi,,http://product.patranusa.com/daval/,Jan-14,11/20/2014Indonesia,Biliton,Mitra Energy Biliton LTD,,http://product.patranusa.com/daval/,Jan-14,11/20/2014Indonesia,Makassar Strait - Offshore Area A,Chevron Makasar LTD,,http://product.patranusa.com/daval/,Jan-14,11/20/2014Indonesia,P17b Kluang Siarak Area-3,Pertamina EP,,http://product.patranusa.com/daval/,Jan-14,11/20/2014Indonesia,Langgak,PT Sarana Pembangunnan Riau & Kingswood Capital LTD,,http://product.patranusa.com/daval/,Jan-14,11/20/2014Indonesia,Obi,Niko Resources Obi LTD,,http://product.patranusa.com/daval/,Jan-14,11/20/2014Indonesia,Merangin III,Cooper Energy Merangin III Limited,,http://product.patranusa.com/daval/,Jan-14,11/20/2014Indonesia,P41b Sumbagsel Area-3,Pertamina EP,,http://product.patranusa.com/daval/,Jan-14,11/20/2014Indonesia,South Madura,South Madura Exploration Company LTD,,http://product.patranusa.com/daval/,Jan-14,11/20/2014Indonesia,Lampung II,Petronas Carigali Lampung II LTD,,http://product.patranusa.com/daval/,Jan-14,11/20/2014Indonesia,Semai V,Hess Indonesia Semai V LTD,,http://product.patranusa.com/daval/,Jan-14,11/20/2014Indonesia,South Betung,Techwin Energy South Betung LTD,,http://product.patranusa.com/daval/,Jan-14,11/20/2014Indonesia,Offshore Lampung I,PT Aditya Nugraha Pratama Energy Lampung,,http://product.patranusa.com/daval/,Jan-14,11/20/2014Indonesia,Sendro-Toili Block,JOB Pertamina-Medco E&P Tomori Sulawesi,,http://product.patranusa.com/daval/,Jan-14,11/20/2014Indonesia,Kumawa,Black Gold Kumawa LLC,,http://product.patranusa.com/daval/,Jan-14,11/20/2014Indonesia,P1c AD Sabaku 4,Pertamina EP,,http://product.patranusa.com/daval/,Jan-14,11/20/2014Indonesia,Lemang,PT Hexindo Gemilang Java,,http://product.patranusa.com/daval/,Jan-14,11/20/2014Indonesia,South Sokang,Lundin South Sokang B.V & Salamander Energy South Sokang LTD,,http://product.patranusa.com/daval/,Jan-14,11/20/2014Indonesia,South Bengara II,Caelus South Bengara II PTE LTD,,http://product.patranusa.com/daval/,Jan-14,11/20/2014Indonesia,P14 Kemundan,Pertamina EP,,http://product.patranusa.com/daval/,Jan-14,11/20/2014Indonesia,Central Mahakam,PT Percie Mahakam Petroleum,,http://product.patranusa.com/daval/,Jan-14,11/20/2014Indonesia,Cendrawasih Bay III,Niko Resources Cendrawasih Bay III LTD,,http://product.patranusa.com/daval/,Jan-14,11/20/2014Indonesia,Kuma,ConocoPhillips Kuma LTD,,http://product.patranusa.com/daval/,Jan-14,11/20/2014Indonesia,P27 Poleng,Pertamina EP,,http://product.patranusa.com/daval/,Jan-14,11/20/2014Indonesia,Batu Gajah,Ranhil Jambi INC PTE LTD,,http://product.patranusa.com/daval/,Jan-14,11/20/2014Indonesia,Pasir,Pasir Petroleum Resources LTD,,http://product.patranusa.com/daval/,Jan-14,11/20/2014Indonesia,Bukat,ENI Bukat LTD,,http://product.patranusa.com/daval/,Jan-14,11/20/2014Indonesia,P38 Senabing,Pertamina EP,,http://product.patranusa.com/daval/,Jan-14,11/20/2014Indonesia,Sampang,Santons Sampang PTY LTD,,http://product.patranusa.com/daval/,Jan-14,11/20/2014Indonesia,Kepala Burung,Petrochina International Bermuda LTD,,http://product.patranusa.com/daval/,Jan-14,11/20/2014Indonesia,NSO/NSO EXT,Exxonmobil Oil Indonesia INC.,,http://product.patranusa.com/daval/,Jan-14,11/20/2014Indonesia,P48 Wiriagar,Pertamina EP,,http://product.patranusa.com/daval/,Jan-14,11/20/2014Indonesia,Andaman III,Talisman Andaman B.V.,,http://product.patranusa.com/daval/,Jan-14,11/20/2014Indonesia,Belida,PT Sele Raya Belida,,http://product.patranusa.com/daval/,Jan-14,11/20/2014Indonesia,Buton,Japex Buton LTD,,http://product.patranusa.com/daval/,Jan-14,11/20/2014Indonesia,North East Madura III,Anadarko Indonesia Company,,http://product.patranusa.com/daval/,Jan-14,11/20/2014Indonesia,Sanga-Sanga Block,"Virginia Indonesia CO, LLC",,http://product.patranusa.com/daval/,Jan-14,11/20/2014Indonesia,East Sokang,PT Ekuator Energi Sokang,,http://product.patranusa.com/daval/,Jan-14,11/20/2014Indonesia,Bula Block,Lion Petroleum Seram LTD,,http://product.patranusa.com/daval/,Jan-14,11/20/2014Indonesia,West Aru II,BP West Aru II LTD,,http://product.patranusa.com/daval/,Jan-14,11/20/2014Indonesia,P11b Jawa Bagian Timur Area-4,Pertamina EP,,http://product.patranusa.com/daval/,Jan-14,11/20/2014Indonesia,Kuala Pambuang,PT Mentari Pambuang Internasional,,http://product.patranusa.com/daval/,Jan-14,11/20/2014Indonesia,Semai IV,Murphy Semai IV LTD,,http://product.patranusa.com/daval/,Jan-14,11/20/2014Indonesia,South East Palung Aru Block,Cnooc Palung Aru LTD,,http://product.patranusa.com/daval/,Jan-14,11/20/2014Indonesia,P23 Muara Block,Pertamina EP,,http://product.patranusa.com/daval/,Jan-14,11/20/2014Indonesia,West Air Komering,PT Tiara Bumi Petroleum,,http://product.patranusa.com/daval/,Jan-14,11/20/2014Indonesia,North Sokang,North Sokang Energy LTD,,http://product.patranusa.com/daval/,Jan-14,11/20/2014Indonesia,Malacca Strait,EMP Malacca Strai S.A,,http://product.patranusa.com/daval/,Jan-14,11/20/2014Indonesia,P33 Sambutan Field,Pertamina EP,,http://product.patranusa.com/daval/,Jan-14,11/20/2014Indonesia,Bontang,Salamander Energy Bontang PTE LTD,,http://product.patranusa.com/daval/,Jan-14,11/20/2014Indonesia,Randugunting,Pertamina EP Randugunting,,http://product.patranusa.com/daval/,Jan-14,11/20/2014Indonesia,Kalyani,Eurorich Group LTD,,http://product.patranusa.com/daval/,Jan-14,11/20/2014Indonesia,P44b Tarakan-3,Pertamina EP,,http://product.patranusa.com/daval/,Jan-14,11/20/2014Indonesia,Sebatik,Star Enerhy Sentosa Sebatik LTD,,http://product.patranusa.com/daval/,Jan-14,11/20/2014Indonesia,Rokan,PT Chevron Pacific Indonesia,,http://product.patranusa.com/daval/,Jan-14,11/20/2014Indonesia,Pari,Indoreach Exploration LTD,,http://product.patranusa.com/daval/,Jan-14,11/20/2014Indonesia,Tengah Block,Total E&P Indonesie,,http://product.patranusa.com/daval/,Jan-14,11/20/2014Indonesia,Sula I,PT Brilliance Energy,,http://product.patranusa.com/daval/,Jan-14,11/20/2014Indonesia,Bulu,Krisenergy Satria LTD,,http://product.patranusa.com/daval/,Jan-14,11/20/2014Indonesia,Sokang,Black Platinum Investment LTD,,http://product.patranusa.com/daval/,Jan-14,11/20/2014Indonesia,P7 East Aceh,Pertamina EP,,http://product.patranusa.com/daval/,Jan-14,11/20/2014Indonesia,Sembilang,PT Madhiri Panca Usaha,,http://product.patranusa.com/daval/,Jan-14,11/20/2014Indonesia,Cepu Block,Mobil Cepu LTD,,http://product.patranusa.com/daval/,Jan-14,11/20/2014Indonesia,Rapak Block,Chevron Rapak LTD,,http://product.patranusa.com/daval/,Jan-14,11/20/2014Indonesia,P18 Lapisan Parigi,Pertamina EP,,http://product.patranusa.com/daval/,Jan-14,11/20/2014Indonesia,Marquisa,PT Schintar Marquisa,,http://product.patranusa.com/daval/,Jan-14,11/20/2014Indonesia,Sunda Strait I,Niko Resources Overseas XXVI LTD,,http://product.patranusa.com/daval/,Jan-14,11/20/2014Indonesia,Sumbagsel,Cooper Energy Sumbagsel Limited,,http://product.patranusa.com/daval/,Jan-14,11/20/2014Indonesia,P42 Tanjung Area-1,Pertamina EP,,http://product.patranusa.com/daval/,Jan-14,11/20/2014Indonesia,Mahakam Hilir,SPC E&P Lipstream PTE LTD,,http://product.patranusa.com/daval/,Jan-14,11/20/2014Indonesia,Selat Paniang,Petroselat LTD,,http://product.patranusa.com/daval/,Jan-14,11/20/2014Indonesia,South Sesulu,Hess Indonesia South Sesulu LTD,,http://product.patranusa.com/daval/,Jan-14,11/20/2014Indonesia,Mahato,Texcal Mahato E&P LTD,,http://product.patranusa.com/daval/,Jan-14,11/20/2014Indonesia,South Baturaja,PT Anugerah Mutiara Sentosa,,http://product.patranusa.com/daval/,Jan-14,11/20/2014Indonesia,Tuban,JOB Pertamina-Petrochina East Java,,http://product.patranusa.com/daval/,Jan-14,11/20/2014Indonesia,Cendrawasih,Black Gold Cendrawasih LLC,,http://product.patranusa.com/daval/,Jan-14,11/20/2014Indonesia,P2 Anggana Block,Pertamina EP,,http://product.patranusa.com/daval/,Jan-14,11/20/2014Indonesia,Alas Jati Block,PT Insani Bina Perkasa,,http://product.patranusa.com/daval/,Jan-14,11/20/2014Indonesia,Uiung Kulon,M3nergy Gamma SDN BHD,,http://product.patranusa.com/daval/,Jan-14,11/20/2014Indonesia,Bawean,Camar Resources Canada INC,,http://product.patranusa.com/daval/,Jan-14,11/20/2014Indonesia,P15 Klamono,Pertamina EP,,http://product.patranusa.com/daval/,Jan-14,11/20/2014Indonesia,Coastal Plains and Pekanbaru,PT Pertamina Hulu Nergie Rokan CPP,,http://product.patranusa.com/daval/,Jan-14,11/20/2014Indonesia,Cendrawasih Bay IV,Niko Resources Cendrawasih Bay IV LTD,,http://product.patranusa.com/daval/,Jan-14,11/20/2014Indonesia,South Jambi Block B,ConocoPhillips South Jambi LTD,,http://product.patranusa.com/daval/,Jan-14,11/20/2014Indonesia,P28 Rampa,Pertamina EP,,http://product.patranusa.com/daval/,Jan-14,11/20/2014Indonesia,South CPP,Ranhill Pamai Taluk Energy PTE LTD,,http://product.patranusa.com/daval/,Jan-14,11/20/2014Indonesia,Ketapang Block,PC Ketapang II LTD,,http://product.patranusa.com/daval/,Jan-14,11/20/2014Indonesia,Bulungan,ENI Bulungan B.V,,http://product.patranusa.com/daval/,Jan-14,11/20/2014Indonesia,P39 South Kutai Lama Block,Pertamina EP,,http://product.patranusa.com/daval/,Jan-14,11/20/2014Indonesia,North West Natuna,Santos Netherlands B.V.,,http://product.patranusa.com/daval/,Jan-14,11/20/2014Indonesia,Bangko Block,Petrochina International Bangko LTD,,http://product.patranusa.com/daval/,Jan-14,11/20/2014Indonesia,Kasuri Block,Genting Oil Kasuri PTE LTD,,http://product.patranusa.com/daval/,Jan-14,11/20/2014Indonesia,P49 X-rav,Pertamina EP,,http://product.patranusa.com/daval/,Jan-14,11/20/2014Indonesia,Sadang,Talisman Sadang B.V.,,http://product.patranusa.com/daval/,Jan-14,11/20/2014Indonesia,Merangin II,PT Sele Raya Merangin Dua,,http://product.patranusa.com/daval/,Jan-14,11/20/2014Indonesia,Gebang Block,JOB Pertamina-EMO Gebang LTD,,http://product.patranusa.com/daval/,Jan-14,11/20/2014Indonesia,Anambas,AWE Anambas PTE LTD,,http://product.patranusa.com/daval/,Jan-14,11/20/2014Indonesia,Duyung,West Natuna Exploration LTD,,http://product.patranusa.com/daval/,Jan-14,11/20/2014Indonesia,South East Madura,PT Energie Mineral Langgeng,,http://product.patranusa.com/daval/,Jan-14,11/20/2014Indonesia,Baronang,Lundin Baronang B.V,,http://product.patranusa.com/daval/,Jan-14,11/20/2014Indonesia,Wiriagar Block,BP Wiriagar LTD,,http://product.patranusa.com/daval/,Jan-14,11/20/2014Indonesia,P11c Jawa Bagian Timur Area-5,Pertamina EP,,http://product.patranusa.com/daval/,Jan-14,11/20/2014Indonesia,West Tanjung,PT MRI Energy,,http://product.patranusa.com/daval/,Jan-14,11/20/2014Indonesia,Semai II,Murphy Semai Oil Co. LTD,,http://product.patranusa.com/daval/,Jan-14,11/20/2014Indonesia,South East Sumatra,Cnooc SES LTD,,http://product.patranusa.com/daval/,Jan-14,11/20/2014Indonesia,P24 NAD-1 Block,Pertamina EP,,http://product.patranusa.com/daval/,Jan-14,11/20/2014Indonesia,Lhokseumawe,PT Zaratex N.V.,,http://product.patranusa.com/daval/,Jan-14,11/20/2014Indonesia,West Belida,Orchard Energy West Belida LTD,,http://product.patranusa.com/daval/,Jan-14,11/20/2014Indonesia,Tonga,EMP Tonga,,http://product.patranusa.com/daval/,Jan-14,11/20/2014Indonesia,P34 Sangata,Pertamina EP,,http://product.patranusa.com/daval/,Jan-14,11/20/2014Indonesia,North East Bangkanai,Salamander Energy North East Bangkanai LTD,,http://product.patranusa.com/daval/,Jan-14,11/20/2014Indonesia,Nunukan,Pertamina Hulu Energi Nunukan Company,,http://product.patranusa.com/daval/,Jan-14,11/20/2014Indonesia,Gunting,ExxonMobil E&P Indonesia Gunting LTD,,http://product.patranusa.com/daval/,Jan-14,11/20/2014Indonesia,P44c Tarakan-4,Pertamina EP,,http://product.patranusa.com/daval/,Jan-14,11/20/2014Indonesia,Halmahera II,Statoil Indonesia Halmahera II AS,,http://product.patranusa.com/daval/,Jan-14,11/20/2014Indonesia,Seinangka Senipah,PT Kutai Etam Petroleum,,http://product.patranusa.com/daval/,Jan-14,11/20/2014Indonesia,South Lirik,Indrillco South Lirik LTD,,http://product.patranusa.com/daval/,Jan-14,11/20/2014Indonesia,Mahakam Block,Total E&P Indonesie,,http://product.patranusa.com/daval/,Jan-14,11/20/2014Indonesia,Mandala,PT Bumi Hast Mukti - Frontline Empire Group,,http://product.patranusa.com/daval/,Jan-14,11/20/2014Indonesia,Tanjung Aru,Krisenenergy Tanjung Aru B.V,,http://product.patranusa.com/daval/,Jan-14,11/20/2014Indonesia,Berau,BP Berau LTD,,http://product.patranusa.com/daval/,Jan-14,11/20/2014Indonesia,P8 Glagah Kambuna,Pertamina EP,,http://product.patranusa.com/daval/,Jan-14,11/20/2014Indonesia,Tarakan Block East Kalimantan,PT Medco E&P Indonesia,,http://product.patranusa.com/daval/,Jan-14,11/20/2014Indonesia,West Salawati,Mont D'Or Salawati LTD,,http://product.patranusa.com/daval/,Jan-14,11/20/2014Indonesia,West Papua I,Chevron West Papua I LTD,,http://product.patranusa.com/daval/,Jan-14,11/20/2014Indonesia,P19 Lirik,Pertamina EP,,http://product.patranusa.com/daval/,Jan-14,11/20/2014Indonesia,Blora,PT Sele Rava Energi,,http://product.patranusa.com/daval/,Jan-14,11/20/2014Indonesia,South East Ganal I,Niko Resources South East Ganal I LTD,,http://product.patranusa.com/daval/,Jan-14,11/20/2014Indonesia,East Bawean I,East Bawean LTD,,http://product.patranusa.com/daval/,Jan-14,11/20/2014Indonesia,Muriah,PC Muriah LTD,,http://product.patranusa.com/daval/,Jan-14,11/20/2014Indonesia,East Sepinggan,ENI East Sepinggan LTD,,http://product.patranusa.com/daval/,Jan-14,11/20/2014Indonesia,P42a Tanjung Area-2,Pertamina EP,,http://product.patranusa.com/daval/,Jan-14,11/20/2014Indonesia,Madura,SPE Petroleum LTD,,http://product.patranusa.com/daval/,Jan-14,11/20/2014Indonesia,Ranau,Prabu Energy PTY LTD,,http://product.patranusa.com/daval/,Jan-14,11/20/2014Indonesia,Offshore Timor Sea I,Hess Indonesia V LTD,,http://product.patranusa.com/daval/,Jan-14,11/20/2014Indonesia,North East Natuna,Titan Resources Natuna Indonesia LTD,,http://product.patranusa.com/daval/,Jan-14,11/20/2014Indonesia,North East Tanjung,PT Anugerah Trimata Kaltim Energi,,http://product.patranusa.com/daval/,Jan-14,11/20/2014Indonesia,Salawati Kepala Burung Block,JOB Pertamina-Petrochina Salawati,,http://product.patranusa.com/daval/,Jan-14,11/20/2014Indonesia,East Bula,Black Gold East Bula LLC,,http://product.patranusa.com/daval/,Jan-14,11/20/2014Indonesia,P3 Arahan,Pertamina EP,,http://product.patranusa.com/daval/,Jan-14,11/20/2014Indonesia,West Sangata,PT Kalimantan Kutau Energy,,http://product.patranusa.com/daval/,Jan-14,11/20/2014Indonesia,Tarakan,Manhattan Kalimantan Investment PTE LTD,,http://product.patranusa.com/daval/,Jan-14,11/20/2014Indonesia,Menduwai,Challedon Services LTD,,http://product.patranusa.com/daval/,Jan-14,11/20/2014Indonesia,P16 Kluang,Pertamina EP,,http://product.patranusa.com/daval/,Jan-14,11/20/2014Indonesia,West Madura Offshore,PT Pertamina Hulu Energi West Madura Offshore,,http://product.patranusa.com/daval/,Jan-14,11/20/2014Indonesia,Halmahera Kofiau,Niko Resources Halmahera Kofiau LTD,,http://product.patranusa.com/daval/,Jan-14,11/20/2014Indonesia,South Natuna Sea Block B,ConocoPhillips Indonesia INC,,http://product.patranusa.com/daval/,Jan-14,11/20/2014Indonesia,P29 Ramok,Pertamina EP,,http://product.patranusa.com/daval/,Jan-14,11/20/2014Indonesia,South Block A,Renco Enlang Energy PTE LTD,,http://product.patranusa.com/daval/,Jan-14,11/20/2014Indonesia,P40 Suban,Pertamina EP,,http://product.patranusa.com/daval/,Jan-14,11/20/2014Indonesia,Northern Papua,Sarmi Papua Asia Oil LTD,,http://product.patranusa.com/daval/,Jan-14,11/20/2014Indonesia,Jabung,Petrochina International Jaibung LTD,,http://product.patranusa.com/daval/,Jan-14,11/20/2014Indonesia,East Kangean,Greenstar Assets LTD,,http://product.patranusa.com/daval/,Jan-14,11/20/2014Indonesia,South Sageri,Talisman South Sageri B.V.,,http://product.patranusa.com/daval/,Jan-14,11/20/2014Indonesia,Sfmai II,PT Suma Sarana,,http://product.patranusa.com/daval/,Jan-14,11/20/2014Indonesia,Pendoro & Raja Block,JOB Pertamina-Golden Spike Energy Indonesia,,http://product.patranusa.com/daval/,Jan-14,11/20/2014Indonesia,North Madura,AWE North Madura NZ LTD,,http://product.patranusa.com/daval/,Jan-14,11/20/2014Indonesia,P1 AD Sabaku 1,Pertamina EP,,http://product.patranusa.com/daval/,Jan-14,11/20/2014Indonesia,Bukit Batu,PT Geo Bukit Batu,,http://product.patranusa.com/daval/,Jan-14,11/20/2014Indonesia,Cakalang,Lundin Cakalang B.V,,http://product.patranusa.com/daval/,Jan-14,11/20/2014Indonesia,Bomoruk,Bukti Energy Bomoruk PTE LTD,,http://product.patranusa.com/daval/,Jan-14,11/20/2014Indonesia,P11d Jawa Bagian Timur Area-7,Pertamina EP,,http://product.patranusa.com/daval/,Jan-14,11/20/2014Indonesia,East Pamai,PT Northern Yamano Technology Oil Resources East Pamai,,http://product.patranusa.com/daval/,Jan-14,11/20/2014Indonesia,Wokam II,Murphy Wokam Oil Company,,http://product.patranusa.com/daval/,Jan-14,11/20/2014Indonesia,Amborip VI,ConocoPhillips Amborip VI LTD,,http://product.patranusa.com/daval/,Jan-14,11/20/2014Indonesia,P24a NAD-2 Block,Pertamina EP,,http://product.patranusa.com/daval/,Jan-14,11/20/2014Indonesia,Malunda,PTTEP Malunda LTD,,http://product.patranusa.com/daval/,Jan-14,11/20/2014Indonesia,Kisaran,Pacific Oil&Gas Kisaran LTD,,http://product.patranusa.com/daval/,Jan-14,11/20/2014Indonesia,Sengkang Block,Energy Equity Epic Sengkang PTY LTD,,http://product.patranusa.com/daval/,Jan-14,11/20/2014Indonesia,P35 Sele Block,Pertamina EP,,http://product.patranusa.com/daval/,Jan-14,11/20/2014Indonesia,South East Sangatta,Salamander Energy SE Sangatta LTD,,http://product.patranusa.com/daval/,Jan-14,11/20/2014Indonesia,Offshore North West Java,Pertamina Hulu Energi Onwi LTD,,http://product.patranusa.com/daval/,Jan-14,11/20/2014Indonesia,Mandar,ExxonMobil E&P Indonesia Mandar LTD,,http://product.patranusa.com/daval/,Jan-14,11/20/2014Indonesia,P45 Timoforo Area-2,Pertamina EP,,http://product.patranusa.com/daval/,Jan-14,11/20/2014Indonesia,Karama,Statoil Indonesia Karama AS,,http://product.patranusa.com/daval/,Jan-14,11/20/2014Indonesia,Bengara 1,PT Medco E&P Bengara,,http://product.patranusa.com/daval/,Jan-14,11/20/2014Indonesia,Babar Selaru,Inpex Babar Selaru LTD,,http://product.patranusa.com/daval/,Jan-14,11/20/2014Indonesia,Rombebai Block,AED Rombebai,,http://product.patranusa.com/daval/,Jan-14,11/20/2014Indonesia,South East Mahakam,Total E&P South East Mahakam,,http://product.patranusa.com/daval/,Jan-14,11/20/2014Indonesia,Air Komering,PT Cahaya Batu Raja,,http://product.patranusa.com/daval/,Jan-14,11/20/2014Indonesia,Udan Emas,Krisenenergy Udan Emas B.V,,http://product.patranusa.com/daval/,Jan-14,11/20/2014Indonesia,North Arafura,BP Exploration Indonesia LTD,,http://product.patranusa.com/daval/,Jan-14,11/20/2014Indonesia,P9 Jambi - PT Pertamina,Pertamina EP,,http://product.patranusa.com/daval/,Jan-14,11/20/2014Indonesia,South Sumatera,PT Medco E&P Indonesia,,http://product.patranusa.com/daval/,Jan-14,11/20/2014Indonesia,Tungkal Block,Mont D'Or Tungkal LTD,,http://product.patranusa.com/daval/,Jan-14,11/20/2014Indonesia,West Papua III,Chevron West Papua III LTD,,http://product.patranusa.com/daval/,Jan-14,11/20/2014Indonesia,P20 Louise Block,Pertamina EP,,http://product.patranusa.com/daval/,Jan-14,11/20/2014Indonesia,Enrekang,PT Sigma Energy Petrogas,,http://product.patranusa.com/daval/,Jan-14,11/20/2014Indonesia,South East Seram,Niko Resources South East Seram LTD,,http://product.patranusa.com/daval/,Jan-14,11/20/2014Indonesia,Bengkulu,Ecosse Energy Bengkulu PTY LTD,,http://product.patranusa.com/daval/,Jan-14,11/20/2014Indonesia,P30 Sakakemang Barai,Pertamina EP,,http://product.patranusa.com/daval/,Jan-14,11/20/2014Indonesia,Pangkah,Saka Indonesia Pangkah LTD,,http://product.patranusa.com/daval/,Jan-14,11/20/2014Indonesia,East Muriah,Pearl Oil East Muriah LTD,,http://product.patranusa.com/daval/,Jan-14,11/20/2014Indonesia,Krueng Mane,ENI Krueng Mane LTD,,http://product.patranusa.com/daval/,Jan-14,11/20/2014Indonesia,P43 Tanjung UNA Block,Pertamina EP,,http://product.patranusa.com/daval/,Jan-14,11/20/2014Indonesia,Banyumas,Star Energy Banyumas LTD,,http://product.patranusa.com/daval/,Jan-14,11/20/2014Indonesia,Natuna Sea Block A,Premier Oil Natuna Sea B.V,,http://product.patranusa.com/daval/,Jan-14,11/20/2014Indonesia,Madura Strait,Husky Oil Madura LTD,,http://product.patranusa.com/daval/,Jan-14,11/20/2014Indonesia,Bengkulu I Mentawai,Total E&P Indonesia Mentawai B.V.,,http://product.patranusa.com/daval/,Jan-14,11/20/2014Indonesia,Bima Sakti,PT Bima Sakti Energi Indonesia,,http://product.patranusa.com/daval/,Jan-14,11/20/2014Indonesia,Ogan Komering,JOB Pertamina-Talisman,,http://product.patranusa.com/daval/,Jan-14,11/20/2014Indonesia,Seram,Black Gold Indonesia LLC,,http://product.patranusa.com/daval/,Jan-14,11/20/2014Indonesia,P4 Bangkudulis,Pertamina EP,,http://product.patranusa.com/daval/,Jan-14,11/20/2014Indonesia,Long Hubung-Long Bagun,PT Kalisat Energi Nusantara,,http://product.patranusa.com/daval/,Jan-14,11/20/2014Indonesia,Bone,Mitra Energy Indonesia Bone LTD,,http://product.patranusa.com/daval/,Jan-14,11/20/2014Indonesia,East Ambalat,Chevron East Ambalat LTD,,http://product.patranusa.com/daval/,Jan-14,11/20/2014Indonesia,P17 Kluang Siarak Area-1,Pertamina EP,,http://product.patranusa.com/daval/,Jan-14,11/20/2014Indonesia,Buton I,PT Putindo Bintech,,http://product.patranusa.com/daval/,Jan-14,11/20/2014Indonesia,Bula Block,Niko Resources Kofiau LTD,,http://product.patranusa.com/daval/,Jan-14,11/20/2014Indonesia,Warim,ConocoPhillips Warim LTD,,http://product.patranusa.com/daval/,Jan-14,11/20/2014Indonesia,P41 Sumbagsel Area-1,Pertamina EP,,http://product.patranusa.com/daval/,Jan-14,11/20/2014Indonesia,East Seruway,Serica East Seruway B.V.,,http://product.patranusa.com/daval/,Jan-14,11/20/2014Indonesia,North Kangean,Petrojava North Kangean LTD,,http://product.patranusa.com/daval/,Jan-14,11/20/2014Indonesia,South East Tungkal,Guiarat State Petroleum Corp. LTD,,http://product.patranusa.com/daval/,Jan-14,11/20/2014Indonesia,Palmerah,Tately N.V.,,http://product.patranusa.com/daval/,Jan-14,11/20/2014Indonesia,West Kampar,PT Sumatera Persada Energy,,http://product.patranusa.com/daval/,Jan-14,11/20/2014Indonesia,Jambi-Merang Block,JOB Pertamina-Hess Indonesia Jambi Merang LTD,,http://product.patranusa.com/daval/,Jan-14,11/20/2014Indonesia,Terumbu,AWE Terumburu NZ LTD,,http://product.patranusa.com/daval/,Jan-14,11/20/2014Indonesia,P1a AD Sabaku 2,Pertamina EP,,http://product.patranusa.com/daval/,Jan-14,11/20/2014Indonesia,Belayan,PT Geraldo Energy,,http://product.patranusa.com/daval/,Jan-14,11/20/2014Indonesia,Gurita,Lundin Gurita B.V,,http://product.patranusa.com/daval/,Jan-14,11/20/2014Indonesia,Bungamas,Bunga Mas International Company,,http://product.patranusa.com/daval/,Jan-14,11/20/2014Indonesia,P12 Jembjan Bengkok,Pertamina EP,,http://product.patranusa.com/daval/,Jan-14,11/20/2014Indonesia,Karang Agung,PT Odira Energy Karang Agung,,http://product.patranusa.com/daval/,Jan-14,11/20/2014Indonesia,Aru,Niko Resources Aru LTD,,http://product.patranusa.com/daval/,Jan-14,11/20/2014Indonesia,Arafura SEA,ConocoPhillips Arafura Sea Block Indonesia LTD,,http://product.patranusa.com/daval/,Jan-14,11/20/2014Indonesia,P25 North Kutai Lama Field,Pertamina EP,,http://product.patranusa.com/daval/,Jan-14,11/20/2014Indonesia,South Mandar,PTTEP South Mandar LTD,,http://product.patranusa.com/daval/,Jan-14,11/20/2014Indonesia,Citarum,Pan Orient Energy Citarum PTE LTD,,http://product.patranusa.com/daval/,Jan-14,11/20/2014Indonesia,Ambalat,ENI Ambalat LTD,,http://product.patranusa.com/daval/,Jan-14,11/20/2014Indonesia,P36 Sembakung,Pertamina EP,,http://product.patranusa.com/daval/,Jan-14,11/20/2014Indonesia,West Bangkanai,Salamander Energy West Bangkanai LTD,,http://product.patranusa.com/daval/,Jan-14,11/20/2014Indonesia,Wailawi,Persuda Benuo Taka,,http://product.patranusa.com/daval/,Jan-14,11/20/2014Indonesia,Surumana,ExxonMobil E&P Surumana LTD,,http://product.patranusa.com/daval/,Jan-14,11/20/2014Indonesia,P46 Udang Block,Pertamina EP,,http://product.patranusa.com/daval/,Jan-14,11/20/2014Indonesia,North Ganal,Statoil Indonesia Karama AS,,http://product.patranusa.com/daval/,Jan-14,11/20/2014Indonesia,Lematang Block,PT Medco E&P Lemantang,,http://product.patranusa.com/daval/,Jan-14,11/20/2014Indonesia,Masela Block,Inpex Masela LTD,,http://product.patranusa.com/daval/,Jan-14,11/20/2014Indonesia,Barito,Altar Resources S.A,,http://product.patranusa.com/daval/,Jan-14,11/20/2014Indonesia,Seruway,Transworld Seruway Exploration LTD,,http://product.patranusa.com/daval/,Jan-14,11/20/2014Indonesia,East Sepanjang,PT Easco East Sepanjang,,http://product.patranusa.com/daval/,Jan-14,11/20/2014Indonesia,Kutai,Krisenergy Kutei B.V,,http://product.patranusa.com/daval/,Jan-14,11/20/2014Indonesia,Muturi,BP Muturi Holdings B.V,,http://product.patranusa.com/daval/,Jan-14,11/20/2014Indonesia,P10 Jawa Bagian Barat,Pertamina EP,,http://product.patranusa.com/daval/,Jan-14,11/20/2014Indonesia,Block A North Sumatra,PT Medco E&P Malaka,,http://product.patranusa.com/daval/,Jan-14,11/20/2014Indonesia,West Sebuku,MP Indonesia West Sebuku LTD,,http://product.patranusa.com/daval/,Jan-14,11/20/2014Indonesia,Seram Non Bula Block,Citic Seram Energy LTD,,http://product.patranusa.com/daval/,Jan-14,11/20/2014Indonesia,P21 Matjndok Block,Pertamina EP,,http://product.patranusa.com/daval/,Jan-14,11/20/2014Indonesia,North Baturaja,PT Terra Global Vestal Baturaja,,http://product.patranusa.com/daval/,Jan-14,11/20/2014Indonesia,West Papua IV,Niko Resources West Papua IV LTD,,http://product.patranusa.com/daval/,Jan-14,11/20/2014Indonesia,Korinci Baru,EMP Korinci Baru LTD,,http://product.patranusa.com/daval/,Jan-14,11/20/2014